{"cameraMode":{"drawMode":0,"name":"Shaded","section":"Shading Mode"},"sceneLighting":true,"audioPlay":false,"sceneViewState":{"m_AlwaysRefresh":false,"showFog":true,"showSkybox":true,"showFlares":true,"showImageEffects":true,"showParticleSystems":true,"showVisualEffectGraphs":true,"m_FxEnabled":true},"in2DMode":false,"pivot":{"x":84.05000305175781,"y":1.7863481044769288,"z":21.729999542236329},"rotation":{"x":0.23450824618339539,"y":0.7499369382858276,"z":-0.34059351682662966,"w":0.5163536071777344},"size":0.8660253882408142,"orthographic":false}